,gene_expression,copy_number
EXT1,4.197708157955851,1.0211274698963628
SOCS1,0.3334237337251918,1.00156985318118
SS18L1,4.0866139474094965,1.021262409544732
TERT,1.9745293124838816,1.0469014301478885
FANCD2,5.252476214135217,1.0296924010037536
HOXC13,7.369379235303752,1.0164102826512236
CCND3,6.451046222976684,0.98946971322722
MAFB,0.070389327891398,1.0182201195545832
EED,4.859969548221026,1.0269490917553514
CD74,1.0356239097307212,1.0188961509462022
VHL,5.360013042204331,1.0296924010037536
CYSLTR2,0.0,1.0082529714548318
BCR,5.067810783789621,0.9808769433796292
IL7R,0.070389327891398,1.0244817597965306
HOOK3,2.673556423990145,1.0239846145894058
PREX2,0.0,1.0211274698963628
CBFA2T3,2.250961573533219,1.0155160498017544
PRKACA,7.017587912153453,0.9765379360868216
TSC1,4.317593504623472,0.9820999429342392
PAFAH1B2,5.567423757707283,1.0269490917553514
KMT2C,3.90977310414164,1.0175965203604926
PTPRK,1.4005379295837286,1.0137887707629516
BCL2,0.070389327891398,1.0301490863365157
CPEB3,1.2448870591235344,1.338836453276523
FH,7.447248568601775,1.3316671950443588
CIC,5.911931212309049,0.9673676144659862
ETV4,4.148120631123964,0.9769156912593808
NKX2-1,0.0565835283663675,1.0155751767784984
MSH6,5.493775408460703,1.0129117664281984
RARA,3.5223068928713888,0.9769156912593808
EPAS1,2.2957230245399685,1.0129117664281984
BRAF,3.2433644256936605,1.0175965203604926
IRF4,0.1763227726404629,0.98946971322722
FAM135B,0.0,1.0211274698963628
SDHC,8.732540561308117,1.3030515695273432
ERBB2,5.795715006501729,0.9769156912593808
CNBD1,0.0,1.0211274698963628
PRKAR1A,7.517275693209582,0.9769156912593808
NF1,4.14649230697719,0.9602890397518684
RBM10,5.75595576955096,1.0229207320591498
RHOA,9.095449771189882,1.0165058545685386
KNSTRN,6.031880365587182,0.9936530231264248
SLC45A3,2.885574364371426,1.3028000128691235
BARD1,2.985500430304885,1.0123015028291238
PRDM16,0.6135316529179271,0.9809257837337876
CRNKL1,4.869871406177713,1.057307341898902
CCR7,0.0565835283663675,0.9769156912593808
RET,1.2690331464552371,1.3345662486422074
ZNF429,1.722466024471091,0.9843473447081036
ZMYM2,3.451540833017832,1.0082529714548318
CTCF,4.862947248020921,1.0221225572646613
CD274,0.5058909297299572,1.027933801725613
ITK,0.01435529297707,1.0188961509462022
LEF1,0.3219280948873623,1.017459890084801
STAT3,5.985955754607509,0.9769156912593808
MTOR,5.496973580998276,0.9809257837337876
GMPS,5.697940582617104,1.0142405968330597
CBLC,0.0840642647884745,0.9673676144659862
MUTYH,4.431622959713292,1.0053348272884473
BCL9L,5.3045110418099535,1.0269490917553514
MAP2K2,7.269407240854037,0.9765379360868216
HNF1A,0.1763227726404629,1.011729296077427
CYLD,2.776103988073164,1.0221225572646613
RNF213,4.56498780095989,0.9769156912593808
PML,3.7729413378313352,0.9936530231264248
CUL3,5.382321407114501,1.0123015028291238
RAD17,4.047014819517589,1.0201665064645862
FKBP9,6.060263598738293,1.0331227126121345
EML4,4.207111961207714,1.0129117664281984
BRD4,5.072534599722955,0.9765379360868216
DEK,5.15704371014558,0.98946971322722
PAX8,0.2141248053528473,1.0123015028291238
BRIP1,2.0942360698457656,0.9769156912593808
STAT5B,4.1715271060388135,0.9769156912593808
TSHR,0.1110313123887439,1.0155751767784984
JAK2,0.7739963251111731,1.027933801725613
FIP1L1,5.841469999465799,1.066046868740654
BMPR1A,5.329123596291566,1.338836453276523
HMGA1,7.0002254034909495,0.98946971322722
MAP3K1,1.2141248053528475,1.0201665064645862
AXIN2,0.5655971758542251,0.9769156912593808
KAT6A,3.959770155211468,1.0239846145894058
SALL4,4.578938713093386,1.0182201195545832
FGFR1,4.607034345948616,1.0239846145894058
PPP6C,4.722466024471091,0.9820999429342392
TFE3,5.105594275795191,1.0229207320591498
LRIG3,0.2509615735332188,1.0164102826512236
NFKB2,5.563768278452033,1.288927774109454
TEC,1.0772429989324606,1.0314939239573642
ELF3,1.3161457422933562,1.3028000128691235
EPS15,3.3305584000308026,1.0053348272884473
USP6,0.01435529297707,0.9718785340262311
ARHGEF10,4.185073637876762,1.018902735541512
ATIC,7.185371029235403,1.0123015028291238
HIF1A,4.859969548221026,1.0155751767784984
SRSF3,9.302319050948832,0.98946971322722
ARHGAP5,2.5993177936982264,1.0155751767784984
RPL22,8.794643300343083,0.9809257837337876
TFPT,4.63575439127776,0.9673676144659862
PDCD1LG2,0.01435529297707,1.027933801725613
GNAS,9.331835071836696,1.021262409544732
CEP89,3.13586316536868,0.9673676144659862
ARID1B,5.058749412335524,1.0137887707629516
PLAG1,0.5459683691052926,1.0211274698963628
RAC1,7.850249358286328,1.0153957817328298
HOXA11,4.55028504908841,1.0153957817328298
RANBP17,2.063502942306158,1.0188961509462022
STAG1,3.5096958419333872,1.0142405968330597
GRM3,0.0565835283663675,1.0175965203604926
SPECC1,0.1890338243900171,0.9718785340262311
NBN,2.792855352362489,1.0211274698963628
NFIB,0.1763227726404629,1.027933801725613
USP44,1.3103401206121503,1.011729296077427
SLC34A2,8.974099055392957,1.0314939239573642
ARID1A,4.957450336347116,1.0053348272884473
COX6C,8.855522589031667,1.0211274698963628
EP300,5.310703657225108,0.9814764651889228
SUZ12,4.071247819461443,0.9602890397518684
TPM3,9.65323919604103,1.3030515695273432
ID3,8.312429206250613,1.0053348272884473
FOXL2,0.1110313123887439,1.0142405968330597
BIRC3,1.8639384504239715,1.0269490917553514
LATS1,3.5084286525318573,1.0137887707629516
HMGA2,0.2986583155645151,1.011729296077427
ZNRF3,2.75702324650746,0.9814764651889228
MDM2,4.750070485865693,1.011729296077427
DDX5,8.491532461804322,0.9769156912593808
ASXL2,3.2234225499349374,1.0129117664281984
EIF1AX,6.297374860528325,1.0229207320591498
ELF4,1.8991756304805127,1.0478449553433058
STK11,5.890689877685267,0.9765379360868216
MYC,6.284847229418632,1.0211274698963628
PBRM1,4.203201156316611,1.0165058545685386
NCKIPSD,4.69655030107857,1.0165058545685386
PAX7,0.0,1.0053348272884473
BAZ1A,3.003602236680196,1.0155751767784984
HOXD13,2.1342209397606338,1.0123015028291238
CLIP1,5.519479002307236,1.011729296077427
BCL7A,4.852498298789891,1.011729296077427
STAT6,6.737416365937063,1.0164102826512236
CHCHD7,4.519164449806069,1.0211274698963628
RGS7,0.0285691521967709,1.3316671950443588
SKI,4.521050736900963,0.9809257837337876
JAK3,1.9068905956085185,0.9765379360868216
MDS2,0.0,1.0053348272884473
ACKR3,0.1634987322828795,1.0123015028291238
RUNX1T1,0.3448284969974411,1.0211274698963628
CDKN1B,4.829849559844691,1.0217550940376705
CNBP,7.951692692236995,1.018226194865921
ATRX,3.37851162325373,1.0478449553433058
ELL,3.787641414483326,0.9765379360868216
CLTCL1,2.673556423990145,0.9808769433796292
FLT3,0.0,1.0082529714548318
FBXW7,2.7845039829295666,1.017459890084801
FGFR2,6.984589350362456,1.3535736994794902
LARP4B,5.816087658600206,1.3143254042751589
FAT3,0.01435529297707,1.0269490917553514
HLF,0.5849625007211562,0.9769156912593808
VTI1A,4.135863165368679,1.340827288549947
PAX3,0.0,1.0123015028291238
FAM47C,0.0,1.0229207320591498
SDHAF2,6.03760186043555,1.0038957457281257
ZNF479,0.0,1.0331227126121345
MLH1,0.4436066514756146,1.0165058545685386
MYOD1,0.0,1.024848879241
XPA,4.004501392234941,1.029046135096898
HOXD11,1.01435529297707,1.0123015028291238
PRRX1,0.0565835283663675,1.3346362544516333
DNMT3A,3.1538053360790355,1.0129117664281984
STIL,3.405992359675837,1.0053348272884473
SH2B3,2.361768359419153,1.011729296077427
TCF3,7.098242680003582,0.9765379360868216
KIF5B,5.324450604656073,1.286794506643565
KRAS,3.2094533656289497,1.0217550940376705
CD79A,0.3448284969974411,0.9673676144659862
KIT,8.32791186971499,1.220680139362756
ZNF331,2.16349873228288,0.9673676144659862
TLX1,0.0426443374084937,1.288927774109454
ASPSCR1,4.808899839257769,0.9769156912593808
TRRAP,4.829849559844691,1.0175965203604926
DROSHA,5.584060534426763,1.0244817597965306
HOXA9,5.362119166725657,1.0153957817328298
WWTR1,6.933454611914913,1.0142405968330597
ERCC5,4.399854673572431,1.0082529714548318
TFG,6.519793486241101,1.018226194865921
BAP1,6.203005337511982,1.0165058545685386
MAPK1,5.833143096358337,0.9808769433796292
CEBPA,3.619413010597937,0.9673676144659862
FOXP1,0.1505596765753814,1.0165058545685386
MITF,2.805292455600712,1.0165058545685386
MUC4,0.1763227726404629,1.0142405968330597
PCSK7,5.023698917266407,1.0269490917553514
OMD,0.0,0.9884416746501608
FCRL4,0.0,1.3030515695273432
POLD1,6.113533819591914,0.9673676144659862
NF2,6.566054038171092,0.9814764651889228
EZR,6.772545518621512,1.0137887707629516
TOP1,5.801676029253588,1.0182201195545832
SMAD3,9.285332856856376,0.9936530231264248
FLNA,8.488764027169882,1.0356385955160696
COL3A1,6.8269297659895765,1.0123015028291238
CTNNA2,0.2986583155645151,1.0129117664281984
CDC73,6.254178286216762,1.3346362544516333
NFKBIE,3.6644828403646814,0.98946971322722
ETV5,4.581351247168778,1.0142405968330597
MNX1,2.4168397419128294,1.0175965203604926
FANCA,5.185470146066942,1.0155160498017544
RB1,4.045268215138533,1.0082529714548318
AR,0.3103401206121505,1.0478449553433058
PTPRD,0.2265085298086797,1.027933801725613
BCL2L12,7.3432301395534685,0.9673676144659862
MYCN,0.0285691521967709,1.0129117664281984
NBEA,1.3334237337251915,1.0082529714548318
LATS2,3.985500430304885,1.0082529714548318
APOBEC3B,6.573798643589297,0.9814764651889228
ARHGEF12,4.9140860970127225,1.0269490917553514
CARD11,0.0840642647884745,1.0153957817328298
LMO2,0.0565835283663675,1.024848879241
ATR,2.6182386555954547,1.0142405968330597
CDKN2C,5.37016428054021,1.0053348272884473
LIFR,0.2016338611696504,1.0244817597965306
PTPRT,0.0,1.0182201195545832
DAXX,6.597829097826899,0.98946971322722
TBL1XR1,5.697662633470518,1.0142405968330597
MLLT11,6.656925339794245,1.3030515695273432
PMS2,4.241840183564671,1.0153957817328298
ERBB3,2.7224660244710908,1.0164102826512236
LCK,0.1243281350022017,1.0053348272884473
CSF3R,0.01435529297707,1.0053348272884473
HOXC11,1.7782085763980875,1.0164102826512236
FANCE,3.791814071161826,0.98946971322722
CCR4,0.0,1.0165058545685386
N4BP2,1.3276873641760472,1.0314939239573642
RUNX1,0.1763227726404629,0.9967441821126124
LASP1,6.462706750670158,0.9769156912593808
QKI,6.021257620560519,1.0137887707629516
SRC,4.798569003556882,1.0182201195545832
TFEB,3.176322772640463,0.98946971322722
MSI2,5.036942844798256,0.9769156912593808
RGPD3,0.1110313123887439,1.0123015028291238
BCLAF1,5.30560578958543,1.0137887707629516
SPOP,4.90977310414164,0.9769156912593808
SND1,7.293425665793273,1.0175965203604926
MYH9,7.392489161966022,0.9814764651889228
CCNE1,4.714245517666122,0.9673676144659862
SFPQ,8.425971153163538,1.0053348272884473
LRP1B,0.1634987322828795,1.0123015028291238
AFF4,4.416164164733128,1.0188961509462022
SIRPA,3.099295204337776,0.9948292993812232
BCL10,2.978195629681652,1.0053348272884473
PTEN,2.895302621333306,1.338836453276523
PRDM1,0.0285691521967709,1.0137887707629516
FGFR4,2.910732661902913,1.0188961509462022
DDR2,0.1763227726404629,1.3795174391283282
PWWP2A,2.885574364371426,1.0188961509462022
SYK,0.0976107966264223,0.9884416746501608
BLM,2.077242998932461,0.9936530231264248
KIAA1549,2.1342209397606338,1.0175965203604926
ARNT,5.494095544940635,1.3030515695273432
CNOT3,5.904484097901423,0.9673676144659862
RSPO2,0.0,1.0211274698963628
SETD1B,3.888499735514123,1.011729296077427
TTL,4.985955754607509,1.0123015028291238
NCOR1,6.077029313819001,0.9718785340262311
ZMYM3,4.71918344048179,1.0478449553433058
BUB1B,5.984817174293587,0.9936530231264248
DNAJB1,6.608661417987563,0.9765379360868216
RABEP1,5.3995129241829645,0.9718785340262311
POU2AF1,0.0565835283663675,1.0269490917553514
CDH17,0.1110313123887439,1.0211274698963628
CANT1,4.631104282365877,0.9769156912593808
NTHL1,5.148934104526339,1.00156985318118
HIP1,4.255500733148386,1.0175965203604926
S100A7,0.0,1.3030515695273432
CDK4,7.874243679203144,1.0164102826512236
SDHD,6.890568290306586,1.0269490917553514
CDK6,0.2387868595871164,1.0175965203604926
CUX1,4.713695814843359,1.0175965203604926
CYP2C8,0.0285691521967709,1.338836453276523
MEN1,5.20633064787105,1.0038957457281257
NR4A3,0.3785116232537298,1.029046135096898
CACNA1D,0.01435529297707,1.0165058545685386
ARHGEF10L,3.303050084681673,1.0053348272884473
FEN1,6.79025073883523,1.0038957457281257
NPM1,10.338067797542616,1.0188961509462022
CHD4,7.379291716118301,1.0217550940376705
TMEM127,4.916476644437717,1.0123015028291238
CDKN2A,3.613531652917927,1.027933801725613
RAF1,6.660067222930642,1.0296924010037536
ABL2,3.39231742277876,1.3346362544516333
ROS1,0.0,1.0137887707629516
MAP3K13,2.572889668420581,1.0142405968330597
ACVR2A,2.1076878693143737,1.0123015028291238
SPEN,4.845490050944375,0.9811665569613596
ERC1,4.9415758618182375,1.0217550940376705
FAT1,6.715206993903568,1.017459890084801
BTG1,5.118525848935668,1.011729296077427
CTNNB1,8.021146554311501,1.0165058545685386
CDKN1A,5.9770509061106125,0.98946971322722
NAB2,5.288727679514566,1.0164102826512236
FLI1,0.0426443374084937,1.0269490917553514
MALT1,2.523561956057013,1.0301490863365157
RPN1,7.6491124398425026,1.018226194865921
PRF1,0.0565835283663675,1.3332715437778782
MN1,0.1890338243900171,0.9814764651889228
HLA-A,7.693486957499325,0.98946971322722
PER1,4.442943495848728,0.9718785340262311
RSPO3,0.01435529297707,1.0137887707629516
FNBP1,4.372255648445787,0.9820999429342392
FCGR2B,0.0,1.3030515695273432
SUFU,4.299391206126829,1.288927774109454
NCOA2,3.929790997718597,1.0211274698963628
HNRNPA2B1,9.690853553711325,1.0153957817328298
HRAS,6.502394256111261,1.024848879241
MLLT10,4.574101508089389,1.3050252142677832
PTPRB,0.0285691521967709,1.011729296077427
KDR,0.070389327891398,1.02140903080125
TMPRSS2,7.162391328756905,0.9967441821126124
AXIN1,4.751142324726947,1.00156985318118
POLQ,2.1538053360790355,1.018226194865921
FOXO1,0.1243281350022017,1.0082529714548318
PTK6,0.3785116232537298,1.021262409544732
KDM6A,3.663344619366085,1.0229207320591498
SRSF2,8.0911708900279,0.9769156912593808
MYB,1.3161457422933562,1.0137887707629516
JAK1,4.94766615679601,1.0053348272884473
MLF1,3.065227622775619,1.0142405968330597
MYCL,1.978195629681652,1.0053348272884473
CREB3L2,3.777156666004501,1.0175965203604926
PTCH1,5.134220939760634,1.029046135096898
CASP9,4.113533819591914,0.9811665569613596
ETNK1,4.564378168565064,1.0217550940376705
NOTCH2,3.9873208659292536,1.0053348272884473
HOXA13,4.135863165368679,1.0153957817328298
PLCG1,6.24412594328373,1.0182201195545832
SMARCB1,7.3374435051775295,0.9808769433796292
NCOA1,3.171527106038814,1.0129117664281984
XPC,4.907852071845964,1.0296924010037536
PPFIBP1,4.466627120041501,1.0217550940376705
IGF2BP2,0.2750070474998698,1.0142405968330597
RNF43,3.725741156503952,0.9769156912593808
BCORL1,4.365972427593384,1.0478449553433058
CIITA,0.3334237337251918,1.00156985318118
CXCR4,0.5058909297299572,1.0123015028291238
CAMTA1,6.689299160535892,0.9809257837337876
ASXL1,5.098453246309274,1.0182201195545832
TP53,5.451540833017832,0.9718785340262311
SS18,5.931683057059805,1.0301490863365157
B2M,10.36599429174392,0.9936530231264248
ESR1,0.0,1.0137887707629516
RECQL4,5.742545233866053,1.0211274698963628
TPR,4.136683577697236,1.3346362544516333
PICALM,6.448900951145128,1.0269490917553514
JUN,5.51443791382931,1.0053348272884473
NOTCH1,3.7037651787934096,0.9820999429342392
MGMT,5.572889668420581,1.3535736994794902
SMARCA4,4.813524689297811,0.9765379360868216
RMI2,3.761285273361619,1.00156985318118
NUTM2A,1.5058909297299572,1.338836453276523
BTK,0.2387868595871164,1.0478449553433058
AFF1,2.797012977836145,1.017459890084801
ACSL6,0.2750070474998698,1.0188961509462022
RPL10,11.336004374375856,1.0356385955160696
PMS1,3.0874628412503395,1.0123015028291238
MAP2K4,4.291308859828971,0.9718785340262311
STRN,3.104336659814736,1.0129117664281984
BCOR,5.553360503335328,1.0229207320591498
EBF1,0.0426443374084937,1.0188961509462022
MAX,5.8283269264148165,1.0155751767784984
FANCF,2.341985747228616,1.024848879241
TNC,0.2750070474998698,1.029046135096898
CRTC1,3.6005076453457856,0.9765379360868216
CHST11,2.3103401206121505,1.011729296077427
VAV1,0.7398481026993274,0.9765379360868216
FOXR1,0.0,1.0269490917553514
ATM,3.0143552929770703,1.0269490917553514
DNM2,6.472487771462744,0.9765379360868216
NUTM1,0.0285691521967709,0.9936530231264248
CSMD3,0.0426443374084937,1.0211274698963628
PPM1D,4.2433644256936605,0.9769156912593808
ATF1,4.0557162635125446,1.0164102826512236
BRCA1,3.572889668420581,0.9769156912593808
HERPUD1,5.286511557664227,1.0221225572646613
STAG2,4.362469888750209,1.0478449553433058
CLP1,4.454175893185802,1.0038957457281257
RHOH,5.046578366620329,1.0314939239573642
AMER1,1.9411063109464315,1.0478449553433058
NDRG1,0.7570232465074596,1.0211274698963628
PDGFB,0.1505596765753814,0.9814764651889228
CASP3,4.224194663970433,1.017459890084801
TSC2,5.152589069287126,1.00156985318118
KDSR,3.648465443027314,1.0301490863365157
PTPN11,5.563158130402808,1.011729296077427
SFRP4,0.0565835283663675,1.0331227126121345
EZH2,4.991408466764788,1.0175965203604926
FAT4,0.2141248053528473,1.017459890084801
WT1,1.3334237337251915,1.024848879241
ELK4,2.9011082430145123,1.3028000128691235
NUP98,6.245457632609671,1.024848879241
EIF4A2,7.425929205208577,1.0142405968330597
ACSL3,4.921721947009604,1.0123015028291238
MPL,0.070389327891398,1.0053348272884473
BIRC6,4.316869805064333,1.0129117664281984
YWHAE,9.691970285333186,0.9718785340262311
EXT2,5.301221805333092,1.024848879241
PAX5,0.0565835283663675,1.027933801725613
FEV,0.01435529297707,1.0123015028291238
DDB2,5.625854931368057,1.024848879241
KAT7,4.36737106564853,0.9769156912593808
NTRK1,0.4222330006830478,1.3030515695273432
CCDC6,4.560103513464738,1.3332715437778782
PIK3R1,1.7180875839605168,1.0201665064645862
ARHGAP26,1.5260688116675876,1.0188961509462022
GNAQ,4.279471295644468,1.0166590859539308
TCL1A,0.4956951626240688,1.0003245364942854
NFE2L2,6.369117458599815,1.0123015028291238
TGFBR2,1.8991756304805127,1.0165058545685386
FSTL3,5.153400027735061,0.9765379360868216
GPHN,4.79960542245267,1.0155751767784984
IL6ST,3.144046369616707,1.0201665064645862
TPM4,7.749131973190411,0.9765379360868216
TNFRSF17,0.0840642647884745,1.00156985318118
TFRC,6.069959890459774,1.0142405968330597
GNA11,5.532628657517167,0.9765379360868216
ALDH2,6.013015535839256,1.011729296077427
CDH11,0.1110313123887439,1.0221225572646613
AFF3,0.070389327891398,1.0123015028291238
CBL,3.905928478173135,1.0269490917553514
COL2A1,0.0565835283663675,1.0164102826512236
TCF12,5.005849075696688,0.9936530231264248
PHOX2B,0.0,1.0314939239573642
SETD2,3.9476661567960094,1.0165058545685386
CCNB1IP1,5.449891473010944,1.0155751767784984
BCL11B,0.01435529297707,1.0003245364942854
NFATC2,2.6205864104518777,1.0182201195545832
MLLT1,5.432625411432297,0.9765379360868216
PIK3CA,2.277984747299765,1.0142405968330597
KLK2,2.3015876466031866,0.9673676144659862
XPO1,5.90159099190337,1.0129117664281984
GOLGA5,4.095080491901415,1.0003245364942854
IL2,0.0285691521967709,1.017459890084801
ZBTB16,0.070389327891398,1.0269490917553514
HSP90AA1,8.876547641877623,1.0003245364942854
BRCA2,1.4436066514756147,1.0082529714548318
IKZF1,0.5360529002402097,1.0331227126121345
NRAS,5.008092420948722,1.0053348272884473
SMARCE1,7.446587085306882,0.9769156912593808
DDIT3,4.813524689297811,1.0164102826512236
PSIP1,5.962317654942308,1.027933801725613
ARID2,3.3088850574117634,1.0164102826512236
KLF6,5.665904354954898,1.3143254042751589
MDM4,3.763411574470007,1.3028000128691235
TRIM24,3.775050541483175,1.0175965203604926
HSP90AB1,10.907867089829098,0.98946971322722
ZRSR2,3.192194165283345,1.0229207320591498
MET,0.7484612330040357,1.0175965203604926
PIM1,2.15704371014558,0.98946971322722
MACC1,0.070389327891398,1.0153957817328298
CASP8,3.957914598632985,1.0123015028291238
MB21D2,0.4541758931858021,1.0142405968330597
CBFB,6.527789751572327,1.0221225572646613
ERCC2,5.323009710612814,0.9673676144659862
MECOM,0.0976107966264223,1.0142405968330597
SMO,5.0716768737518585,1.0175965203604926
CCND1,6.419875930422195,1.0038957457281257
MUC1,3.4776773275653072,1.3030515695273432
CBLB,2.62760683812965,1.018226194865921
AKT3,0.2016338611696504,1.3316671950443588
TP63,0.0565835283663675,1.0142405968330597
PIK3CB,3.411426245726465,1.0142405968330597
SDC4,5.361066488794321,1.0182201195545832
NSD1,4.228049047884462,1.0188961509462022
LMNA,7.559491813205038,1.3030515695273432
WAS,1.4222330006830477,1.0229207320591498
RBM15,3.5619370596224327,1.0053348272884473
GOPC,3.552131108253784,1.0137887707629516
SET,8.389738878676983,0.9820999429342392
ETV6,2.0,1.0217550940376705
FUBP1,5.852498298789891,1.0053348272884473
FOXA1,1.0,1.0155751767784984
SETBP1,0.01435529297707,1.0301490863365157
FES,1.867896463992655,0.9936530231264248
CALR,10.51678342342595,0.9765379360868216
RAD51B,3.878725341480105,1.0155751767784984
NACA,10.244006982653616,1.0164102826512236
CREB3L1,2.3305584000308026,1.024848879241
THRAP3,6.4239142676731,1.0053348272884473
PRKCB,0.070389327891398,1.00156985318118
EWSR1,8.390856813673558,0.9814764651889228
SETDB1,5.264161071288078,1.3030515695273432
PPP2R1A,7.726626893410168,0.9673676144659862
MUC16,0.1890338243900171,0.9765379360868216
FHIT,2.358958825832329,1.0165058545685386
TBX3,0.0285691521967709,1.011729296077427
COL1A1,2.6205864104518777,0.9769156912593808
CDK12,4.641546029087524,0.9769156912593808
FLT4,4.927896453728821,1.0188961509462022
ABL1,6.119356177039675,0.9820999429342392
AKT2,6.277984747299765,0.9673676144659862
BRD3,4.656496370553495,0.9820999429342392
FANCG,5.573495715495609,1.027933801725613
POT1,2.4982508675278257,1.0175965203604926
GATA2,4.839959587489532,1.018226194865921
GATA3,0.1890338243900171,1.3143254042751589
KCNJ5,0.0,1.0269490917553514
PCBP1,8.544616753539238,1.0129117664281984
ALK,0.01435529297707,1.0129117664281984
CHEK2,4.777682717073553,0.9814764651889228
PHF6,3.608809242675524,1.0478449553433058
GAS7,0.0565835283663675,0.9718785340262311
FBXO11,5.335926240928362,1.0129117664281984
PRDM2,3.7729413378313352,0.9811665569613596
ACVR1,3.270528942380718,1.0123015028291238
FAS,1.0071955014042038,1.338836453276523
ERCC3,5.845490050944375,1.0123015028291238
POLE,6.009660689646706,1.011729296077427
SDHA,7.51814168027276,1.0469014301478885
ERCC4,2.5897634869849773,1.00156985318118
CHN1,3.880685525261125,1.0123015028291238
FGFR3,2.307428525192248,1.0139073932213134
ATP2B3,0.0285691521967709,1.0356385955160696
FOXO4,2.855989697308481,1.0478449553433058
SIX2,6.317774372804099,1.0129117664281984
USP8,4.215678596607928,0.9936530231264248
ATP1A1,8.078844629235235,1.0053348272884473
GPC5,0.01435529297707,1.0082529714548318
TRIM33,3.624100894628114,1.0053348272884473
SMC1A,7.366584498591759,1.0229207320591498
GRIN2A,0.01435529297707,1.00156985318118
CLTC,7.19377174339668,0.9769156912593808
DICER1,3.641546029087524,1.0003245364942854
WNK2,4.60229058486114,0.9884416746501608
RAD21,6.302867360972875,1.0211274698963628
SBDS,5.629648044187436,1.0175965203604926
MAP2K1,5.862947248020921,0.9936530231264248
FUS,9.124379836162984,1.00156985318118
NTRK3,0.070389327891398,0.9936530231264248
NCOR2,4.910732661902912,1.011729296077427
RFWD3,5.22650852980868,1.0221225572646613
RANBP2,3.957914598632985,1.0123015028291238
TCEA1,6.857980995127572,1.0211274698963628
LEPROTL1,5.7938958825488776,1.011905219585865
PABPC1,9.213906169185424,1.0211274698963628
OLIG2,0.0,0.9967441821126124
SF3B1,6.7571566256080855,1.0123015028291238
MLLT3,1.5459683691052926,1.027933801725613
MTCP1,1.4905701304462011,1.0356385955160696
ZFHX3,2.2957230245399685,1.0221225572646613
A1CF,0.0565835283663675,1.3332715437778782
DCC,0.01435529297707,1.0301490863365157
MED12,4.616475328782878,1.0478449553433058
TAF15,8.090271239733902,0.9602890397518684
PALB2,2.673556423990145,1.00156985318118
DCTN1,7.158357226049009,1.0129117664281984
SSX1,0.4222330006830478,1.0229207320591498
GATA1,0.0426443374084937,1.0229207320591498
PDGFRA,1.933572638261024,1.066046868740654
BCL6,1.859969548221026,1.0142405968330597
NUP214,5.288727679514566,0.9820999429342392
PTPN6,3.9990980337056072,1.0217550940376705
TET1,2.097610796626422,1.3332715437778782
SOX2,0.1505596765753814,1.0142405968330597
PATZ1,4.224966365000275,0.9814764651889228
PTPN13,0.2141248053528473,1.017459890084801
PRCC,6.39694722007283,1.3030515695273432
ERBB4,0.0426443374084937,1.0123015028291238
KTN1,3.873813198359087,1.0155751767784984
KAT6B,5.047014819517589,1.2648635006775966
DGCR8,4.672990993827748,0.9808769433796292
LMO1,1.3103401206121503,1.024848879241
PTPRC,0.2509615735332188,1.3028000128691235
TCF7L2,6.318497618860549,1.340827288549947
SMAD4,4.986410935252045,1.0301490863365157
EGFR,0.3673710656485294,1.0331227126121345
MAML2,4.258518924711301,1.0269490917553514
EPHA3,0.4541758931858021,1.0165058545685386
IDH2,6.895302621333307,0.9936530231264248
MSH2,4.695437110405369,1.0129117664281984
KDM5A,2.0250287944915226,1.0217550940376705
KDM5C,6.41193462479118,1.0229207320591498
NIN,3.431622959713292,1.0155751767784984
FOXO3,3.237257770900372,1.0137887707629516
AKT1,7.482767629257633,1.0003245364942854
ARAF,5.183486514459391,1.0229207320591498
IKBKB,4.671859468247477,1.0239846145894058
ANK1,0.1243281350022017,1.0239846145894058
CD79B,0.2265085298086797,0.9769156912593808
CHIC2,3.422233000683048,1.066046868740654
SGK1,3.035623909730721,1.0137887707629516
TET2,2.5285713188707577,1.017459890084801
RAP1GDS1,4.744699314207836,1.017459890084801
DDX10,3.9049657186840254,1.0269490917553514
ELN,0.0285691521967709,1.0175965203604926
ZNF521,0.0976107966264223,1.0301490863365157
FBLN2,0.4750848829487828,1.0296924010037536
IRS4,0.0,1.0478449553433058
CRTC3,4.046141781644721,0.9936530231264248
MYD88,4.214124805352848,1.0165058545685386
TAL1,0.0426443374084937,1.0053348272884473
BCL9,5.630521963471638,1.3030515695273432
CDH1,1.0214797274104517,1.0221225572646613
AKAP9,2.250961573533219,1.0175965203604926
LZTR1,5.43596189543763,0.9808769433796292
ECT2L,0.0565835283663675,1.0137887707629516
JAZF1,4.600507645345786,1.0153957817328298
FLCN,4.697106574476975,0.9718785340262311
ZNF384,5.669310286202474,1.0217550940376705
CTNND1,6.498889086976805,1.0038957457281257
SMARCD1,6.631540867341486,1.0164102826512236
ABI1,4.716442236843321,1.286794506643565
EPHA7,0.2750070474998698,1.0137887707629516
KMT2D,5.646738698307846,1.0164102826512236
DCAF12L2,0.0,1.0478449553433058
CDX2,0.0426443374084937,1.0082529714548318
KEAP1,6.697245609319359,0.9765379360868216
MSN,6.788294188143117,1.0478449553433058
PRPF40B,4.28021399581062,1.0164102826512236
ETV1,1.5945485495503542,1.0153957817328298
POLG,4.997292407636508,0.9936530231264248
PPARG,0.1890338243900171,1.0296924010037536
TNFAIP3,1.280956313831056,1.0137887707629516
BCL3,2.6959938131099,0.9673676144659862
CCND2,0.0426443374084937,1.0217550940376705
TRAF7,5.492173659610827,1.00156985318118
PDGFRB,0.4222330006830478,1.0188961509462022
TRIP11,2.204766750654613,1.0003245364942854
NONO,9.139628089455853,1.0478449553433058
GPC3,0.3895668117627256,1.0478449553433058
UBR5,5.3384244147835584,1.0211274698963628
MYO5A,3.438292851579147,0.9936530231264248
ISX,0.01435529297707,0.9814764651889228
DDX6,5.6194130105979365,1.0269490917553514
SMAD2,5.275379596253622,1.0301490863365157
TLX3,1.0496307677246008,1.0188961509462022
CNTRL,3.0840642647884744,0.9820999429342392
HEY1,0.9107326619029126,1.0211274698963628
KLF4,0.4005379295837288,1.029046135096898
IL21R,0.1890338243900171,1.00156985318118
KMT2A,4.41006969175638,1.0269490917553514
WIF1,0.0,1.011729296077427
PCM1,4.153805336079036,1.011905219585865
FAM131B,0.0840642647884745,1.0175965203604926
SIX1,3.786596361890807,1.0155751767784984
CREB1,4.75595576955096,1.0123015028291238
EIF3E,7.894454012822958,1.0211274698963628
MAF,0.0285691521967709,1.0155160498017544
SDHB,7.783129208197802,1.0053348272884473
SRGAP3,2.954196310386876,1.0296924010037536
MYH11,1.232660756790275,1.00156985318118
CD209,0.0,0.9765379360868216
IDH1,7.675180802374475,1.0123015028291238
ZCCHC8,4.110196177754199,1.011729296077427
PBX1,3.748461233004035,1.3795174391283282
LCP1,1.6369145803558778,1.0082529714548318
WRN,1.565597175854225,1.011905219585865
CD28,0.01435529297707,1.0123015028291238
ZEB1,2.55581615506164,1.286794506643565
ERG,0.0426443374084937,0.9967441821126124
POU5F1,0.2387868595871164,0.98946971322722
TRIM27,5.596637034102074,0.98946971322722
BAX,7.734032139564931,0.9673676144659862
NRG1,0.0840642647884745,1.011905219585865
LYL1,0.4750848829487828,0.9765379360868216
LPP,2.440952198029637,1.0142405968330597
BCL11A,0.137503523749935,1.0129117664281984
APC,4.904484097901423,1.0201665064645862
LSM14A,6.201045686245058,0.9673676144659862
CDH10,1.541019153133559,1.0244817597965306
PDE4DIP,2.9467308601403097,1.3030515695273432
DDX3X,7.432625411432297,1.0229207320591498
BMP5,0.0,1.0459646715484352
SH3GL1,6.208478242211705,0.9765379360868216
CNTNAP2,0.0,1.0175965203604926
CCNC,5.390598905552461,1.0137887707629516
GLI1,3.578938713093386,1.0164102826512236
TAL2,0.3561438102252753,1.029046135096898
NUMA1,6.824640580853424,1.0038957457281257
RPL5,10.19007157455409,1.0053348272884473
CTNND2,0.0565835283663675,1.0469014301478885
RALGDS,5.700439718141092,0.9820999429342392
REL,1.1890338243900171,1.0129117664281984
ITGAV,3.786596361890807,1.0123015028291238
NT5C2,5.496654082593496,1.288927774109454
ROBO2,0.01435529297707,1.0165058545685386
CSF1R,0.0565835283663675,1.0188961509462022
CREBBP,4.7489978500981485,1.00156985318118
TNFRSF14,0.2750070474998698,0.9809257837337876
SOX21,0.0,1.0082529714548318
FANCC,4.403949364232865,1.029046135096898
